,city,lon,lat,humidity,pressure,country,max temperature,wind speed,cloudiness,date
0,Iskateley,53.1512,67.6803,81,1001,RU,29.95,10.89,47,1634757505
1,Longyearbyen,15.6401,78.2186,72,1008,SJ,10.24,11.5,20,1634757505
2,Cherskiy,161.3,68.75,100,1013,RU,-5.39,5.55,100,1634757286
3,Hobart,147.3294,-42.8794,87,1019,AU,46.26,6.91,75,1634757303
4,Albany,-73.9662,42.6001,45,1013,US,74.44,1.99,67,1634757289
5,Province of Mantua,10.7833,45.1667,86,1020,IT,64.72,1.01,100,1634757507
6,Butaritari,172.7902,3.0707,73,1013,KI,81.34,8.14,72,1634757508
7,Saint Paul Harbor,-152.4072,57.79,81,989,US,42.31,10.36,90,1634757508
8,Cape Town,18.4232,-33.9258,70,1010,ZA,66.88,3.0,0,1634757366
9,Thompson,-97.8558,55.7435,42,1027,CA,41.16,12.66,20,1634757307
10,Jamestown,-79.2353,42.097,50,1017,US,70.09,8.01,1,1634757510
11,Port Elizabeth,25.5701,-33.918,88,1014,ZA,66.09,12.66,40,1634757510
12,Pacifica,-122.4869,37.6138,85,1018,US,68.32,4.0,75,1634757511
13,Tselinnoye,85.6667,53.0833,61,1018,RU,41.56,5.41,54,1634757512
14,Hithadhoo,73.0833,-0.6,77,1014,MV,81.07,11.25,100,1634757512
15,Ushuaia,-68.3,-54.8,43,996,AR,51.42,17.27,75,1634757513
16,Valladolid,-4.6667,41.5833,74,1018,ES,63.84,15.82,0,1634757513
17,Hermanus,19.2345,-34.4187,83,1013,ZA,68.9,10.33,30,1634757514
18,Cockburn Town,-71.1419,21.4612,78,1016,TC,78.76,4.61,75,1634757514
19,Mataura,168.8643,-46.1927,81,1032,NZ,41.52,1.41,100,1634757515
20,Kansanshi,26.4273,-12.0951,44,1013,ZM,73.29,4.27,99,1634757516
21,Teya,92.6267,60.3778,86,1018,RU,35.8,4.83,21,1634757516
22,Arraial do Cabo,-42.0278,-22.9661,94,1018,BR,64.36,5.75,90,1634757517
23,Hilo,-155.09,19.7297,74,1019,US,79.25,6.91,40,1634757517
24,Bluff,168.3333,-46.6,60,1032,NZ,47.1,3.56,100,1634757517
25,Puerto Ayora,-90.3518,-0.7393,80,1014,EC,78.76,11.27,100,1634757518
26,Gorontalo,123.0595,0.5412,94,1010,ID,75.16,3.96,93,1634757519
27,Saint-Pierre,55.4781,-21.3393,77,1020,RE,73.08,2.3,90,1634757274
28,Saint-Philippe,55.7679,-21.3585,77,1022,RE,72.99,9.89,38,1634757520
29,Constitución,-72.4167,-35.3333,70,1020,CL,59.05,6.8,41,1634757520
30,Camacupa,17.4833,-12.0167,80,1014,AO,65.73,3.96,99,1634757521
31,Airai,125.4092,-8.9266,84,1012,TL,61.88,1.12,100,1634757521
32,Amapá,-52.0,1.0,40,1008,BR,92.41,3.71,76,1634757522
33,Carora,-70.0827,10.1755,41,1008,VE,91.63,4.36,85,1634757523
34,Arrondissement de Mayenne,-0.6667,48.3333,87,1000,FR,54.84,29.15,100,1634757523
35,Ambilobe,49.05,-13.2,79,1017,MG,71.94,3.24,54,1634757227
36,Ancud,-73.8203,-41.8697,85,1019,CL,60.42,10.27,100,1634757524
37,San Cristobal,-72.225,7.7669,38,1010,VE,78.98,3.11,12,1634757525
38,Rikitea,-134.9692,-23.1203,73,1022,PF,74.44,19.28,0,1634757425
39,Busselton,115.3333,-33.65,79,1012,AU,52.05,14.65,96,1634757525
40,Atuona,-139.0333,-9.8,80,1016,PF,77.22,13.96,49,1634757526
41,Ponta do Sol,-17.1,32.6667,80,1024,PT,75.7,6.06,100,1634757526
42,San Patricio,-97.5169,28.017,52,1016,US,90.01,5.41,40,1634757527
43,Acapulco de Juárez,-99.8901,16.8634,70,1013,MX,87.62,5.75,40,1634757527
44,Port-Gentil,8.7815,-0.7193,84,1013,GA,78.17,9.15,100,1634757528
45,Ribeira Grande,-28.7,38.5167,68,1026,PT,70.2,5.75,20,1634757529
46,Yellowknife,-114.3525,62.456,77,1016,CA,41.56,5.99,75,1634757529
47,Severo-Kuril'sk,156.125,50.6789,69,1006,RU,35.33,25.12,96,1634757309
48,Bhādāsar,74.3167,28.2833,16,1011,IN,81.1,7.63,0,1634757530
49,Salta,-65.4117,-24.7859,28,1012,AR,79.57,8.99,20,1634757531
50,Hammerfest,23.6821,70.6634,74,991,NO,28.13,19.57,100,1634757531
51,Oranjestad,-70.027,12.524,58,1011,AW,91.35,16.11,20,1634757318
52,Nísia Floresta,-35.2086,-6.0911,65,1011,BR,85.01,13.65,52,1634757532
53,Safaga,33.9365,26.7292,48,1017,EG,78.19,22.08,0,1634757298
54,Port Alfred,26.891,-33.5906,86,1016,ZA,64.78,19.62,7,1634757514
55,East London,27.9116,-33.0153,81,1018,ZA,65.26,16.73,5,1634757534
56,Madang,145.7966,-5.2246,90,1010,PG,75.43,3.69,91,1634757535
57,Bayanday,105.5139,53.0661,88,1030,RU,29.82,3.83,3,1634757535
58,Ingham,-84.3833,42.6,54,1016,US,72.84,6.91,1,1634757536
59,Kapaa,-159.319,22.0752,76,1020,US,80.58,1.01,20,1634757536
60,Nikolskoye,30.7861,59.7035,96,984,RU,44.87,13.09,100,1634757286
61,Nantucket,-70.0995,41.2835,61,1013,US,71.02,12.66,1,1634757537
62,Qaanaaq,-69.3632,77.484,78,1020,GL,11.95,6.53,13,1634757538
63,Ostrovnoy,39.5131,68.0531,70,999,RU,30.76,13.24,100,1634757539
64,Kaitangata,169.8464,-46.2817,78,1032,NZ,43.39,4.52,100,1634757539
65,Rudnogorsk,103.7519,57.2639,97,1028,RU,27.36,3.67,97,1634757540
66,Vaini,-175.2,-21.2,83,1021,TO,75.36,5.75,20,1634757541
67,George Town,100.3354,5.4112,96,1014,MY,76.95,5.75,40,1634757257
68,Tuktoyaktuk,-133.0374,69.4541,100,999,CA,23.0,6.91,75,1634757542
69,Balabac,117.0645,7.9868,81,1010,PH,80.67,5.55,91,1634757543
70,Pontianak,109.3333,-0.0333,100,1011,ID,76.98,2.3,75,1634757544
71,Fairbanks,-147.7164,64.8378,78,994,US,34.21,0.0,20,1634757544
72,Talaya,152.75,61.3833,94,1018,RU,-18.94,1.45,47,1634757545
73,Nuuk,-51.7216,64.1835,69,1021,GL,32.88,11.99,0,1634757382
74,Egvekinot,-179.1667,66.3167,91,991,RU,20.59,6.76,100,1634757546
75,Leningradskiy,178.4167,69.3833,96,1000,RU,24.78,15.64,100,1634757547
76,Los Llanos de Aridane,-17.9182,28.6585,83,1021,ES,71.35,12.66,32,1634757547
77,Mahébourg,57.7,-20.4081,73,1021,MU,75.49,6.91,75,1634757548
78,Khatanga,102.5,71.9667,96,996,RU,21.45,4.27,100,1634757549
79,Belmonte,-38.8828,-15.8631,73,1011,BR,82.9,10.49,39,1634757549
80,Kavieng,150.7967,-2.5744,78,1010,PG,81.28,7.25,78,1634757550
81,Lagos,3.75,6.5833,86,1012,NG,82.72,4.09,100,1634757440
82,New Norfolk,147.0587,-42.7826,76,1020,AU,49.5,2.59,56,1634757550
83,Punta Arenas,-70.9167,-53.15,35,1000,CL,53.71,32.21,20,1634757551
84,Mar del Plata,-57.5575,-38.0023,1,1019,AR,64.42,15.01,20,1634757329
85,Sørland,12.6934,67.667,98,972,NO,37.26,26.13,100,1634757552
86,Tommot,126.2925,58.9564,93,1017,RU,31.1,10.65,100,1634757552
87,Berbérati,15.7922,4.2612,99,1014,CF,68.54,1.14,100,1634757552
88,Tyret’ Pervaya,102.3106,53.6703,80,1028,RU,32.0,5.37,5,1634757553
89,Hong Kong,114.1577,22.2855,86,1012,HK,80.33,1.99,95,1634757459
90,Vestmanna,-7.1664,62.1564,70,995,FO,41.92,32.21,75,1634757554
91,Ndélé,20.6473,8.4109,95,1014,CF,71.46,2.75,100,1634757555
92,Tevaitoa,-151.5,-16.7833,80,1016,PF,78.67,10.02,1,1634757555
93,Fortuna,-124.1573,40.5982,69,1015,US,63.66,7.0,75,1634757300
94,Syracuse,15.2792,37.0881,73,1026,IT,69.39,10.67,0,1634757556
95,Bredasdorp,20.0403,-34.5322,95,1014,ZA,62.28,10.8,43,1634757556
96,Necochea,-58.7368,-38.5473,56,1018,AR,68.7,10.04,0,1634757557
97,Natal,-35.2094,-5.795,70,1011,BR,84.85,13.8,40,1634757557
98,Ola,151.2833,59.5833,47,1010,RU,13.12,5.55,0,1634757558
99,Chokurdakh,147.9167,70.6333,95,1012,RU,-14.85,2.98,99,1634757558
100,Lere,8.5726,10.387,74,1013,NG,73.42,6.08,81,1634757559
101,Suntar,117.6319,62.1444,95,1016,RU,32.45,6.6,99,1634757560
102,Magaria,8.9099,12.9983,23,1009,NE,89.06,1.79,2,1634757560
103,Kayerkan,87.7602,69.3497,94,995,RU,31.06,23.49,100,1634757561
104,Camapuã,-54.0439,-19.5314,44,1010,BR,84.42,3.04,87,1634757562
105,Santa Maria,-53.8069,-29.6842,49,1016,BR,71.89,7.36,21,1634757562
106,Flinders,150.8552,-34.5833,91,1011,AU,59.38,1.01,41,1634757562
107,Moroni,43.2551,-11.7022,83,1018,KM,76.24,2.46,100,1634757563
108,Dikson,80.5464,73.5069,65,999,RU,26.67,8.9,59,1634757563
109,Northam,-4.2167,51.0333,90,992,GB,54.01,15.61,100,1634757564
110,Poli,36.8,-3.3333,71,1018,TZ,63.19,6.82,97,1634757565
111,Domoni,44.5319,-12.2569,79,1017,KM,77.2,4.36,55,1634757566
112,Tocopilla,-70.1979,-22.092,58,1017,CL,66.85,7.74,21,1634757566
113,Horta,-28.6333,38.5333,68,1026,PT,69.44,5.75,20,1634757566
114,Aswān,32.907,24.0934,24,1016,EG,83.5,19.57,0,1634757567
115,Dalvik,-18.5286,65.9702,76,1010,IS,22.93,9.44,22,1634757568
116,Hobyo,48.5268,5.3505,83,1013,SO,78.37,17.31,96,1634757568
117,Carbonia,8.5222,39.1672,82,1023,IT,65.05,6.53,6,1634757569
118,Nālūt,10.85,30.3333,46,1021,LY,72.1,17.98,100,1634757570
119,Labuhan,112.2051,-6.8844,81,1010,ID,79.75,7.58,22,1634757570
120,Alexandria,29.9553,31.2156,56,1022,EG,73.36,11.5,40,1634757524
121,Dahuk,42.994,36.8695,40,1017,IQ,64.56,2.95,0,1634757571
122,Lebu,-73.65,-37.6167,78,1020,CL,57.45,8.43,36,1634757572
123,Smithers,-127.1743,54.7804,87,1002,CA,41.32,0.0,90,1634757572
124,Saint-Félicien,-72.4491,48.6501,87,1012,CA,50.5,2.3,75,1634757573
125,Rey Bouba,14.1786,8.6724,79,1011,CM,78.93,0.49,100,1634757573
126,Yerbogachën,108.0108,61.2767,93,1019,RU,36.14,9.66,100,1634757574
127,Mount Gambier,140.7667,-37.8333,43,1010,AU,57.45,5.97,29,1634757575
128,Alofi,-169.9187,-19.0595,78,1019,NU,75.09,13.8,66,1634757575
129,Port Lincoln,135.8667,-34.7333,89,1010,AU,58.84,11.56,100,1634757576
130,Angoche,39.9086,-16.2325,71,1019,MZ,75.87,13.09,91,1634757576
131,Sur,59.5289,22.5667,72,1012,OM,80.01,15.19,57,1634757577
132,Pierre,-100.351,44.3683,86,1019,US,39.85,1.99,90,1634757578
133,Geraldton,114.6,-28.7667,88,1015,AU,63.01,11.5,75,1634757579
134,Yar-Sale,70.8333,66.8333,89,1004,RU,28.9,4.74,61,1634757297
135,Chapais,-74.8492,49.7834,91,1012,CA,40.78,6.58,100,1634757580
136,Wattegama,81.4808,6.7989,91,1012,LK,75.99,3.02,100,1634757581
137,Kaseda-shirakame,130.3167,31.4167,59,1017,JP,63.1,3.22,99,1634757581
138,Santa Maria do Suaçuí,-42.4142,-18.1903,89,1012,BR,71.49,5.37,99,1634757582
139,Vao,167.4833,-22.6667,94,1015,NC,69.84,9.71,100,1634757582
140,Mersing,103.8405,2.4312,100,1011,MY,73.31,5.75,84,1634757583
141,Kumul,93.45,42.8,18,1019,CN,59.29,2.06,100,1634757394
142,Anadyr,177.4833,64.75,93,992,RU,21.7,13.42,90,1634757584
143,Concepción,-73.0498,-36.827,82,1021,CL,57.0,11.5,90,1634757420
144,Norman Wells,-126.8329,65.282,60,1001,CA,35.64,11.5,75,1634757585
145,Kilindoni,39.6668,-7.9139,78,1017,TZ,77.74,13.85,26,1634757586
146,Muros,-9.0603,42.7762,88,1021,ES,65.23,12.86,63,1634757586
147,Vardø,31.1107,70.3705,64,994,NO,33.78,20.71,75,1634757587
148,Sedalia,-93.2283,38.7045,68,1016,US,70.88,13.8,90,1634757475
149,Barra Patuca,-84.2833,15.8,71,1012,HN,84.72,7.96,73,1634757588
150,Dingle,122.6711,10.9995,93,1011,PH,76.1,4.61,75,1634757588
151,Baijiantan,85.1833,45.6333,24,1019,CN,51.33,2.91,3,1634757589
152,Lorengau,147.2712,-2.0226,78,1010,PG,80.87,6.04,99,1634757590
153,São Filipe,-24.4956,14.8961,59,1013,CV,83.12,7.72,0,1634757591
154,Severnyy-Kospashskiy,57.8008,59.0925,88,1011,RU,30.6,3.02,28,1634757591
155,Kaeo,173.7833,-35.1,96,1024,NZ,60.33,12.95,100,1634757592
156,Värnamo,14.04,57.186,88,989,SE,53.87,13.44,100,1634757593
157,Tasiilaq,-37.6368,65.6145,57,1009,GL,32.16,10.65,100,1634757594
158,Isangel,169.2667,-19.55,89,1014,VU,75.24,8.46,100,1634757594
159,Choma,26.9531,-16.8065,50,1016,ZM,70.05,9.6,23,1634757595
160,Diamantino,-56.4461,-14.4086,57,1009,BR,86.4,0.89,73,1634757595
161,Pitimbu,-34.8086,-7.4706,71,1011,BR,84.79,13.53,7,1634757596
162,Saskylakh,114.0833,71.9167,100,1002,RU,2.98,4.88,97,1634757586
163,Milan,9.1895,45.4643,85,1020,IT,61.88,2.3,75,1634757597
164,San Fernando del Valle de Catamarca,-65.7852,-28.4696,32,1004,AR,87.04,5.99,0,1634757597
165,Torbay,-52.7314,47.6666,95,997,CA,50.29,11.5,90,1634757598
166,Lakes Entrance,147.981,-37.8811,90,1018,AU,47.16,6.17,8,1634757599
167,Akdağmadeni,35.8836,39.6603,74,1028,TR,38.89,3.62,0,1634757599
168,Basco,121.9702,20.4487,74,1012,PH,80.67,7.7,10,1634757600
169,Tofield,-112.6686,53.3668,33,1013,CA,51.24,20.51,7,1634757601
170,Cap Malheureux,57.6142,-19.9842,73,1020,MU,75.69,1.99,30,1634757602
171,Roald,6.1333,62.5833,87,974,NO,46.9,14.97,75,1634757604
172,Klaksvík,-6.589,62.2266,70,995,FO,43.72,39.75,96,1634757604
173,Makakilo City,-158.0858,21.3469,54,1019,US,79.61,8.05,1,1634757594
174,Codrington,141.9667,-38.2667,36,1010,AU,66.24,14.05,100,1634757607
175,Huilong,121.655,31.8111,88,1022,CN,54.03,12.57,100,1634757608
176,Karratha,116.8463,-20.7377,35,1012,AU,72.3,11.63,3,1634757609
177,Iberia,-91.7507,29.9502,78,1019,US,81.05,4.61,75,1634757610
178,Bilma,12.9164,18.6853,13,1012,NE,88.0,9.75,0,1634757610
179,Ust'-Omchug,149.6333,61.15,96,1019,RU,-19.37,0.76,21,1634757371
180,Barrow,-156.7887,71.2906,86,997,US,28.42,26.46,90,1634757586
181,Soyo,12.3689,-6.1349,81,1014,AO,76.21,5.91,35,1634757612
182,Luanda,13.2343,-8.8368,83,1012,AO,77.0,8.05,20,1634757521
183,College,-147.8028,64.8569,77,994,US,34.2,3.44,75,1634757375
184,Lüderitz,15.1594,-26.6481,79,1014,NA,58.98,9.73,51,1634757612
185,Sabha,14.4283,27.0377,37,1020,LY,74.52,19.75,94,1634757613
186,Wakkanai,141.6739,45.4094,92,1013,JP,41.49,25.3,100,1634757614
187,Cabo San Lucas,-109.9124,22.8909,58,1016,MX,90.61,3.44,20,1634757541
188,Alta Floresta,-56.0861,-9.8756,52,1009,BR,93.02,4.61,40,1634757615
189,Bouar,15.596,5.934,97,1014,CF,64.63,1.41,100,1634757616
190,Albino,9.7964,45.7638,92,1021,IT,59.36,3.44,75,1634757617
191,Kiunga,141.2906,-6.1219,99,1009,PG,71.87,1.1,82,1634757617
192,Yakeshi,120.7333,49.2833,95,1025,CN,22.48,0.67,44,1634757618
193,Kuytun,101.5036,54.3419,82,1027,RU,31.17,6.08,6,1634757619
194,Namatanai,152.4333,-3.6667,82,1010,PG,79.47,4.12,98,1634757620
195,Nchelenge,28.734,-9.3451,46,1010,ZM,81.0,3.13,100,1634757620
196,Nakūr,77.3,29.9167,53,1010,IN,69.46,1.72,0,1634757621
197,Grand Gaube,57.6608,-20.0064,73,1020,MU,75.6,1.99,42,1634757622
198,Presidencia Roque Sáenz Peña,-60.4388,-26.7852,19,1011,AR,87.71,6.11,0,1634757622
199,Madoc,-77.4745,44.5084,47,1012,CA,69.82,11.3,63,1634757623
200,Jacareacanga,-57.7528,-6.2222,41,1007,BR,95.31,5.75,0,1634757624
201,Rāpar,70.6333,23.5667,58,1013,IN,80.56,7.85,0,1634757624
202,Eydhafushi,73.0708,5.1033,71,1013,MV,81.77,13.22,58,1634757625
203,Castro,-50.0119,-24.7911,76,1017,BR,59.18,6.85,100,1634757626
204,Yulara,130.9889,-25.2406,33,1012,AU,60.64,5.75,0,1634757626
205,Itarema,-39.9167,-2.9248,64,1010,BR,84.47,13.89,99,1634757627
206,Vestmannaeyjar,-20.2734,63.4427,61,1011,IS,36.84,19.42,100,1634757628
207,Roebourne,117.1333,-20.7833,34,1012,AU,72.52,10.67,5,1634757628
208,Tuatapere,167.6833,-46.1333,76,1032,NZ,44.64,0.6,98,1634757629
209,Mehamn,27.8492,71.0357,62,994,NO,30.38,22.08,100,1634757629
210,Kahului,-156.47,20.8947,67,1019,US,80.62,11.5,20,1634757630
211,Tura,90.2201,25.5198,99,1010,IN,70.56,3.2,82,1634757631
212,Neiafu,-173.9833,-18.65,65,1018,TO,77.68,3.44,20,1634757631
213,Qasigiannguit,-51.1922,68.8193,77,1024,GL,34.05,3.74,100,1634757632
214,Bend,-121.3153,44.0582,67,1015,US,55.26,4.0,1,1634757632
215,Pyaozerskiy,31.1667,65.8333,95,984,RU,29.84,16.51,100,1634757633
216,Honāvar,74.45,14.2833,88,1012,IN,77.16,3.69,75,1634757634
217,Aksarayskiy,48.0119,46.7924,56,1028,RU,38.98,7.31,7,1634757634
218,Vinh,105.6667,18.6667,93,1012,VN,75.45,2.64,10,1634757635
219,Marawi,124.2928,7.9986,93,1013,PH,64.65,1.81,100,1634757635
220,Norrtälje,18.705,59.758,81,980,SE,57.29,14.58,100,1634757630
221,Tiksi,128.8694,71.6872,93,1007,RU,11.84,5.91,100,1634757636
222,Fraserburgh,-2.0184,57.6874,77,990,GB,41.38,25.14,100,1634757637
223,Monrovia,-10.7969,6.3005,82,1012,LR,80.37,10.54,63,1634757638
224,Cedartown,-85.255,34.0537,61,1022,US,78.35,2.24,86,1634757341
225,Tashtyp,89.8983,52.7939,71,1022,RU,34.59,2.57,55,1634757638
226,Jining,116.5814,35.405,1,1010,CN,54.0,5.84,100,1634757639
227,Poções,-40.3653,-14.5297,67,1010,BR,77.99,4.32,77,1634757640
228,Stann Creek Town,-88.2321,16.9692,83,1013,BZ,78.76,7.99,100,1634757641
229,Avarua,-159.775,-21.2078,65,1017,CK,77.05,5.75,40,1634757641
230,Aklavik,-135.0107,68.2191,83,998,CA,23.72,7.85,100,1634757625
231,Yanam,82.2167,16.7333,95,1010,IN,77.14,2.73,81,1634757642
232,Kralendijk,-68.2667,12.15,66,1011,BQ,89.58,13.8,75,1634757434
233,Igrim,64.4162,63.1906,89,1006,RU,31.12,4.52,95,1634757643
234,Shimoda,138.95,34.6667,67,1013,JP,53.1,10.4,100,1634757644
235,North Bend,-124.2243,43.4065,86,1015,US,62.24,9.22,75,1634757644
236,Cidreira,-50.2056,-30.1811,63,1020,BR,64.6,14.14,94,1634757645
237,Chui,-53.4616,-33.6971,61,1021,UY,63.59,10.87,82,1634757600
238,Deputatsky,139.9,69.3,98,1010,RU,-0.45,1.45,100,1634757645
239,Gizo Government Station,156.8419,-8.103,77,1010,SB,81.88,6.24,92,1634757645
240,Ranong,98.6348,9.9658,91,1012,TH,77.88,1.05,100,1634757646
241,Port Macquarie,152.9167,-31.4333,100,1015,AU,54.9,3.44,98,1634757647
242,Islāmpur,88.2,26.2667,98,1009,IN,72.91,2.55,100,1634757647
243,Saint-Augustin,-58.6502,51.226,87,1007,CA,45.43,13.78,100,1634757648
244,Te Anau,167.7167,-45.4167,95,1033,NZ,37.17,0.83,69,1634757648
245,Kankan,-9.3057,10.3854,90,1011,GN,74.01,0.72,100,1634757649
246,Nizwá,57.5333,22.9333,37,1014,OM,81.48,3.6,8,1634757649
247,Tabou,-7.3528,4.423,88,1012,CI,78.1,9.51,83,1634757650
248,Pozo Colorado,-58.7972,-23.4923,20,1009,PY,90.93,4.79,0,1634757651
249,Nichinan,131.3667,31.6,70,1017,JP,60.91,7.85,100,1634757651
250,Pinyug,47.7842,60.251,89,1012,RU,27.07,4.47,20,1634757652
251,Bose,8.0137,45.4612,90,1021,IT,56.21,1.63,100,1634757653
252,Bonthe,-12.505,7.5264,79,1012,SL,80.24,7.45,100,1634757653
253,Bertea,25.8667,45.2333,80,1025,RO,47.01,3.78,6,1634757654
254,South Kazakhstan Region,68.0,43.0,56,1016,KZ,59.38,10.63,8,1634757655
255,Aromashevo,68.6375,56.8602,49,1001,RU,46.0,1.28,100,1634757656
256,Nouadhibou,-17.0347,20.931,78,1013,MR,73.38,12.66,0,1634757656
257,Laguna,-121.4238,38.421,58,1019,US,69.64,1.01,90,1634757381
258,Upernavik,-56.1549,72.7868,99,1023,GL,33.17,13.91,100,1634757658
259,Itoman,127.6694,26.1247,70,1013,JP,75.97,3.44,75,1634757658
260,Sainte-Marie,55.5496,-20.8968,83,1020,RE,73.56,11.5,75,1634757659
261,Pisco,-76.2167,-13.7,64,1014,PE,69.85,12.66,0,1634757659
262,Todos Santos,-110.2167,23.45,68,1014,MX,90.1,6.69,0,1634757660
263,Departamento de Maldonado,-54.9167,-34.6667,64,1020,UY,70.99,9.42,94,1634757661
264,Sugar Hill,-84.0335,34.1065,50,1024,US,78.4,4.61,1,1634757661
265,Nanortalik,-45.2371,60.1432,77,1019,GL,38.01,1.95,1,1634757662
266,Gachsaran,50.7981,30.3586,26,1018,IR,69.89,4.61,0,1634757663
267,Mae Hong Son,97.9685,19.3003,97,1013,TH,72.36,0.89,29,1634757664
268,Natitingou,1.3796,10.3042,77,1012,BJ,77.31,1.72,100,1634757664
269,Macuspana,-92.6,17.7667,77,1013,MX,83.97,3.49,100,1634757665
270,Samarai,150.6667,-10.6167,81,1010,PG,80.82,6.93,100,1634757666
271,Beringovskiy,179.3167,63.05,79,995,RU,15.93,6.98,35,1634757666
272,Lohja,24.0653,60.2486,100,980,FI,55.18,13.65,100,1634757667
273,Watsa,29.5355,3.0372,98,1014,CD,65.44,1.66,100,1634757667
274,Beira,34.8389,-19.8436,69,1021,MZ,75.09,8.01,40,1634757668
275,Urazovka,45.6186,55.4013,68,1018,RU,36.36,8.01,100,1634757669
276,Homer,-151.5483,59.6425,91,991,US,41.81,0.0,90,1634757487
277,São Gabriel da Cachoeira,-67.0892,-0.1303,55,1008,BR,91.2,4.61,40,1634757670
278,Mobo,123.6574,12.3363,89,1011,PH,77.61,2.71,13,1634757670
279,Ciudad Bolivar,-63.5497,8.1222,33,1009,VE,94.62,9.1,87,1634757671
280,‘Āhuimanu,-157.8378,21.4447,59,1018,US,80.78,9.22,1,1634757672
281,Talpa,-111.6257,28.8257,45,1013,MX,87.57,5.01,80,1634757672
282,Taltal,-70.4833,-25.4,66,1018,CL,62.96,7.29,22,1634757620
283,Esperance,121.9,-33.8667,87,1010,AU,57.79,15.1,25,1634757628
284,Mugur-Aksy,90.5,50.35,73,1034,RU,13.93,6.42,8,1634757674
285,Chicama,-79.1469,-7.8447,61,1012,PE,61.34,10.69,56,1634757674
286,Carnarvon,113.6333,-24.8667,68,1017,AU,66.27,11.5,90,1634757455
287,Okato,173.8833,-39.2,89,1028,NZ,55.42,5.39,100,1634757676
288,Haines Junction,-137.5108,60.7522,93,1000,CA,28.35,0.0,92,1634757676
289,Bambous Virieux,57.7575,-20.3428,73,1021,MU,75.45,6.91,75,1634757676
290,Solnechnyy,136.6319,50.7214,83,1018,RU,21.22,3.71,12,1634757677
291,Lompoc,-120.4579,34.6391,44,1019,US,78.01,4.61,1,1634757473
292,Synya,58.0387,65.3718,93,1005,RU,30.36,7.2,99,1634757678
293,Atambua,124.8925,-9.1061,84,1011,ID,76.06,0.43,100,1634757679
294,Payson,-111.7321,40.0444,55,1024,US,61.02,6.91,40,1634757679
295,Umba,34.3429,66.6871,95,991,RU,32.31,23.49,100,1634757680
296,Ilulissat,-51.1,69.2167,47,1023,GL,33.82,3.44,75,1634757681
297,Okhotsk,143.3,59.3833,71,1011,RU,11.37,8.72,93,1634757681
298,Novy Urengoy,76.6333,66.0833,92,1005,RU,30.65,9.15,72,1634757682
299,Joinville,-48.8456,-26.3044,89,1020,BR,66.15,1.99,75,1634757682
300,Bethel,-73.414,41.3712,52,1014,US,76.82,4.61,1,1634757683
301,Shimokizukuri,140.3861,40.8061,66,1012,JP,51.12,20.83,100,1634757683
302,Camacha,-16.3333,33.0833,88,1024,PT,70.56,14.97,40,1634757684
303,Ngunguru,174.5,-35.6167,95,1026,NZ,60.17,16.82,100,1634757684
304,Juneau,-134.4197,58.3019,93,996,US,46.45,5.75,90,1634757685
305,Laas,10.7002,46.6166,94,1020,IT,53.62,5.48,100,1634757686
306,Half Moon Bay,-122.4286,37.4636,76,1019,US,69.21,1.01,90,1634757581
307,Chimbote,-78.5783,-9.0853,74,1013,PE,69.13,10.45,80,1634757687
308,Ayan,138.1667,56.45,57,1011,RU,35.38,6.89,97,1634757687
309,Boa Vista,-60.6733,2.8197,43,1008,BR,93.18,5.75,40,1634757616
310,Talnakh,88.3972,69.4865,90,996,RU,32.36,17.58,100,1634757688
311,Sinnamary,-52.95,5.3833,73,1010,GF,83.08,9.42,39,1634757689
312,Paciran,112.3761,-6.8767,81,1010,ID,79.79,5.03,50,1634757690
313,Poykovskiy,73.3333,61.2333,93,1005,RU,35.89,6.71,40,1634757690
314,Valleyview,-117.2859,55.0667,52,1007,CA,45.86,12.82,0,1634757691
315,Muravlenko,74.523,63.7898,81,1007,RU,32.13,4.21,100,1634757691
316,Hofn,-15.2082,64.2539,55,1007,IS,32.02,16.11,20,1634757692
317,Malakanagiri,81.9,18.35,91,1011,IN,74.66,0.16,79,1634757692
318,Boralday,76.8594,43.3578,53,1016,KZ,48.06,4.47,75,1634757693
319,Provideniya,-173.3,64.3833,80,987,RU,24.91,0.0,0,1634757594
320,Kiruna,20.2251,67.8557,93,979,SE,20.32,8.05,90,1634757694
321,Haapiti,-149.8667,-17.5667,79,1016,PF,83.93,10.96,22,1634757694
322,Batemans Bay,150.1833,-35.7167,93,1018,AU,59.99,5.7,100,1634757695
323,Berlevåg,29.0864,70.8578,69,994,NO,28.35,9.22,0,1634757695
324,Charters Towers,146.2667,-20.1,95,1011,AU,70.25,8.25,41,1634757696
325,Grindavik,-22.4338,63.8424,69,1012,IS,35.55,4.61,0,1634757696
326,Maningrida,134.2667,-12.0667,78,1009,AU,77.94,5.68,40,1634757697
327,Sisimiut,-53.6735,66.9395,77,1024,GL,29.64,5.46,97,1634757697
328,Altay,88.1167,47.8667,38,1025,CN,41.72,10.36,0,1634757698
329,Porto Empedocle,13.5264,37.2934,78,1026,IT,63.72,3.22,0,1634757699
330,Nakasongola,32.4564,1.3089,92,1013,UG,67.24,4.18,100,1634757699
331,Darnah,22.6367,32.767,71,1026,LY,68.31,11.39,74,1634757700
332,Kruisfontein,24.7314,-34.0033,89,1014,ZA,63.88,6.04,19,1634757699
333,Pevek,170.3133,69.7008,93,1006,RU,18.45,14.34,100,1634757701
334,Porto-Novo,2.6036,6.4965,82,1012,BJ,82.22,6.76,100,1634757702
335,Ekhabi,142.9671,53.5102,87,1015,RU,25.9,9.64,42,1634757702
336,Tiruchchendur,78.1167,8.4833,75,1010,IN,82.8,3.71,100,1634757703
337,Ormara,64.6357,25.2088,71,1013,PK,79.7,9.86,5,1634757703
338,Mabaruma,-59.7833,8.2,58,1010,GY,87.3,6.78,33,1634757704
339,Padang,100.3543,-0.9492,89,1013,ID,75.25,3.78,100,1634757705
340,Souillac,57.5167,-20.5167,73,1021,MU,75.58,6.91,75,1634757705
341,Opuwo,13.84,-18.0607,37,1013,NA,72.88,10.47,0,1634757706
342,Kutum,24.6667,14.2,20,1013,SD,80.31,12.68,60,1634757706
343,Deniliquin,144.9667,-35.5333,68,1015,AU,58.35,13.67,100,1634757707
344,Thornhill,-3.7667,55.2333,78,992,GB,51.31,11.34,84,1634757707
345,Lokosovo,74.8167,61.1333,94,1005,RU,39.09,5.79,100,1634757708
346,Saldanha,17.9442,-33.0117,88,1012,ZA,60.85,25.14,100,1634757708
347,Kudahuvadhoo,72.8944,2.6708,69,1013,MV,82.69,13.4,57,1634757709
348,Porbandar,69.6093,21.6422,61,1014,IN,79.43,7.16,3,1634757710
349,Andenes,16.1194,69.3143,69,980,NO,31.98,33.38,75,1634757711
350,High Level,-117.136,58.5169,70,1011,CA,41.11,13.8,1,1634757711
351,Rocha,-54.3333,-34.4833,68,1020,UY,63.28,10.63,100,1634757712
352,Lagoa,-27.9833,39.05,60,1027,PT,68.83,1.92,51,1634757712
353,Port Augusta,137.7667,-32.5,73,1011,AU,58.71,7.07,0,1634757713
354,Biloela,150.5,-24.4167,95,1013,AU,62.35,2.91,100,1634757713
355,Mayo,-76.5119,38.8876,43,1012,US,79.21,3.0,1,1634757714
356,Soto la Marina,-98.2167,23.7667,51,1015,MX,90.77,7.23,0,1634757715
357,Krapivinskiy,86.8133,54.9992,79,1018,RU,40.64,4.43,53,1634757715
358,Tual,132.75,-5.6667,78,1009,ID,81.59,2.8,100,1634757716
359,Rio Grande,-52.0986,-32.035,59,1021,BR,68.11,12.84,29,1634757681
360,Khorixas,14.9667,-20.3667,39,1016,NA,65.01,8.66,5,1634757717
361,Sennar,33.5672,13.5691,40,1009,SD,88.68,13.15,80,1634757718
362,Chernyshevskiy,112.4714,63.0128,97,1014,RU,32.81,10.85,100,1634757718
363,Amahai,128.9167,-3.3333,86,1010,ID,77.76,3.71,88,1634757719
364,Nicoya,-85.452,10.1483,79,1011,CR,85.55,3.51,74,1634757719
365,Beyneu,55.2,45.3167,65,1022,KZ,43.97,15.19,61,1634757720
366,Hamilton,-84.5333,39.1834,54,1020,US,74.35,1.99,1,1634757721
367,Zachary,-91.1565,30.6485,78,1019,US,85.69,5.75,90,1634757721
368,General Roca,-67.5833,-39.0333,11,1008,AR,90.63,10.83,6,1634757723
369,Toktogul,72.9402,41.8708,43,1019,KG,58.69,1.28,93,1634757723
370,Newport,-2.9984,51.5877,90,992,GB,55.69,0.67,100,1634757431
371,Banjar,114.9675,-8.19,90,1012,ID,82.26,5.73,100,1634757724
372,Walvis Bay,14.5053,-22.9575,77,1018,NA,62.1,5.75,21,1634757724
373,Varhaug,5.6457,58.6147,81,983,NO,51.89,22.64,100,1634757725
374,Indian Harbour Beach,-80.5884,28.1489,59,1021,US,85.06,5.99,40,1634757725
375,Jamame,42.7506,0.0722,84,1015,SO,77.45,8.34,100,1634757726
376,The Valley,-63.0578,18.217,89,1015,AI,87.66,9.22,75,1634757726
377,Valley City,-98.0032,46.9233,65,1019,US,41.99,23.02,75,1634757604
378,Banda Aceh,95.3222,5.5577,77,1012,ID,78.89,2.59,100,1634757727
379,Saint-François,3.9054,46.4154,65,1010,FR,65.68,16.11,0,1634757728
380,Bengkulu,102.2655,-3.8004,92,1012,ID,74.64,6.49,100,1634757729
381,Hermiston,-119.2895,45.8404,39,1012,US,69.42,18.41,1,1634757729
382,Indianola,-93.5574,41.3581,73,1009,US,69.71,14.88,51,1634757675
383,Hay River,-115.7999,60.8156,57,1013,CA,44.58,4.61,40,1634757557
384,Coquimbo,-71.3436,-29.9533,63,1020,CL,62.33,14.97,40,1634757472
385,Hambantota,81.1185,6.1241,83,1012,LK,79.16,9.42,99,1634757731
386,Champerico,-91.9167,14.3,84,1012,GT,87.35,10.78,100,1634757732
387,Tilichiki,166.1,60.4667,87,1002,RU,6.91,5.41,99,1634757733
388,Progreso,-89.6667,21.2833,78,1014,MX,89.71,12.57,85,1634757733
389,Ixtapa,-105.2,20.7,70,1013,MX,88.23,11.5,20,1634757734
390,Yangi Marg`ilon,71.7189,40.4272,39,1018,UZ,61.52,4.61,100,1634757608
391,São Paulo de Olivença,-68.8725,-3.3783,97,1010,BR,73.24,2.62,100,1634757735
392,Harboøre,8.1807,56.6175,86,988,DK,54.16,21.5,100,1634757736
393,Prince Rupert,-130.3201,54.3161,71,996,CA,51.49,12.66,100,1634757687
394,Clyde River,-68.5914,70.4692,86,1025,CA,32.23,9.22,75,1634757737
395,Touros,-35.4608,-5.1989,70,1011,BR,85.1,12.17,100,1634757737
396,Portland,-122.6762,45.5234,81,1014,US,60.93,3.0,75,1634757488
397,Elizabeth City,-76.2511,36.2946,39,1022,US,79.02,4.0,1,1634757738
398,Morropón,-79.9689,-5.1822,45,1011,PE,88.07,5.12,27,1634757739
399,Fare,-151.0167,-16.7,76,1016,PF,79.66,11.63,10,1634757740
400,San Vicente,-54.1333,-26.6167,31,1013,AR,77.85,1.86,12,1634757740
401,Włoszczowa,19.9659,50.8526,52,1010,PL,59.49,13.56,100,1634757741
402,Port Blair,92.75,11.6667,83,1012,IN,80.58,5.12,100,1634757742
403,Petropavlovsk-Kamchatskiy,158.6483,53.0452,73,1004,RU,18.19,11.18,0,1634757742
404,Lichinga,35.2406,-13.3128,82,1024,MZ,64.49,13.8,20,1634757743
405,Saint George,-113.5841,37.1041,33,1024,US,75.67,1.99,1,1634757743
406,Kinsale,-8.5306,51.7075,81,999,IE,47.57,8.05,20,1634757744
407,Freeport,-73.5832,40.6576,43,1015,US,79.99,7.0,1,1634757672
408,Zhigansk,123.3711,66.7697,93,1009,RU,19.78,5.08,95,1634757744
409,Penzance,-5.5371,50.1186,86,993,GB,52.77,34.43,100,1634757745
410,Samaná,-69.3369,19.2056,74,1014,DO,89.82,0.0,75,1634757745
411,Mareeba,145.4333,-17.0,95,1012,AU,75.92,0.96,19,1634757746
412,Matola,32.4589,-25.9622,68,1022,MZ,68.52,6.91,0,1634757746
413,Cabedelo,-34.8339,-6.9811,72,1011,BR,84.87,14.34,6,1634757747
414,Abalak,68.5944,58.1286,90,1002,RU,40.46,6.49,100,1634757747
415,Qeshm,56.2719,26.9581,68,1011,IR,80.49,10.02,1,1634757748
416,Sayyan,44.3244,15.1718,32,1020,YE,61.03,9.51,100,1634757748
417,Yeppoon,150.7333,-23.1333,91,1012,AU,62.38,0.72,8,1634757677
418,Ovalle,-71.2003,-30.5983,34,1017,CL,75.22,9.26,0,1634757552
419,Lesnoy,63.0784,57.6198,83,1006,RU,34.11,9.37,100,1634757749
420,Neuquén,-68.0591,-38.9516,23,1009,AR,85.89,9.22,0,1634757750
421,Miguel Hidalgo,-99.2028,19.4225,49,1017,MX,76.93,7.0,75,1634757599
422,Istanbul,28.9833,41.0351,72,1026,TR,59.07,9.22,0,1634757539
423,Ossora,163.0719,59.2353,68,1003,RU,18.81,6.22,95,1634757751
424,Palmer,-72.3287,42.1584,50,1013,US,75.07,3.0,75,1634757644
425,Bathsheba,-59.5167,13.2167,70,1013,BB,86.61,17.27,75,1634757752
426,Vostok,135.8833,46.4856,84,1022,RU,15.1,3.56,5,1634757753
427,Ucluelet,-125.5528,48.9329,90,1006,CA,55.09,1.01,93,1634757549
428,Sitka,-135.33,57.0531,90,993,US,44.8,9.4,100,1634757754
429,Moose Factory,-80.6094,51.2585,60,1017,CA,42.8,9.22,75,1634757754
430,Paphos,32.4167,34.7667,73,1020,CY,69.71,5.75,0,1634757755
431,Leh,77.5833,34.1667,33,1019,IN,44.06,5.12,0,1634757756
432,Kalat,66.5916,29.0225,23,1017,PK,58.64,2.42,0,1634757756
433,Marzuq,46.4667,14.4,52,1015,YE,76.23,2.13,47,1634757757
434,Ābādān,48.3043,30.3392,36,1015,IR,78.75,4.61,0,1634757758
435,Maceió,-35.7353,-9.6658,66,1011,BR,87.24,16.11,20,1634757550
436,Ust-Maya,134.5333,60.4167,98,1008,RU,26.73,2.71,100,1634757759
437,Flin Flon,-101.865,54.7682,56,1028,CA,39.04,4.61,75,1634757759
438,San Jose,-121.895,37.3394,61,1018,US,69.91,1.01,90,1634757608
439,Garoowe,48.4845,8.4054,64,1013,SO,78.89,14.85,95,1634757760
440,Vanimo,141.3028,-2.6741,93,1010,PG,76.39,3.91,100,1634757761
441,Tortolì,9.6572,39.9256,75,1024,IT,59.99,6.89,70,1634757761
442,Arrondissement de Saint-Denis,2.3333,48.9167,80,1000,FR,65.17,5.01,90,1634757762
443,Baharly,57.4316,38.4362,77,1023,TM,59.63,8.48,100,1634757762
444,Kondinskoye,67.41,59.6481,92,1006,RU,35.4,8.03,100,1634757763
445,Tiznit Province,-9.5,29.5833,35,1021,MA,73.51,2.24,7,1634757763
446,Kavaratti,72.642,10.5669,74,1012,IN,82.11,11.21,100,1634757557
447,Forestville,-76.875,38.8451,40,1019,US,78.42,11.5,1,1634757764
448,Dunmore Town,-76.65,25.5,65,1018,BS,80.73,19.08,19,1634757764
449,Nova Serrana,-44.9836,-19.8761,80,1012,BR,71.62,7.58,93,1634757765
450,Alausí,-78.8333,-2.2,81,1015,EC,71.38,2.93,99,1634757765
451,Belyy Yar,91.3903,53.6039,93,1020,RU,24.69,2.24,56,1634757766
452,Kongoussi,-1.5347,13.3258,34,1009,BF,91.36,6.67,59,1634757766
453,Tornio,24.1466,65.8481,98,975,FI,32.02,13.73,100,1634757767
454,Villa Carlos Paz,-64.4978,-31.4241,24,1012,AR,85.06,8.01,4,1634757505
455,Maxixe,35.3472,-23.8597,77,1023,MZ,66.02,0.0,0,1634757768
456,Izumo,132.7667,35.3667,72,1020,JP,48.15,6.22,100,1634757768
457,Kiryat Gat,34.7642,31.61,70,1021,IL,72.28,4.59,3,1634757561
458,Katsuura,140.3,35.1333,53,1014,JP,58.19,11.3,100,1634757590
459,Mlimba,35.8167,-8.8,51,1016,TZ,76.32,3.06,13,1634757771
460,Caraquet,-64.9386,47.7941,78,1009,CA,54.34,4.45,17,1634757771
461,Constantine,6.6147,36.365,44,1025,DZ,62.01,8.05,0,1634757728
462,Hasaki,140.8333,35.7333,56,1014,JP,50.4,14.05,100,1634757772
463,Capula,-101.8,19.7,42,1015,MX,60.21,3.83,20,1634757772
464,Huarmey,-78.1522,-10.0681,72,1013,PE,71.01,11.45,42,1634757773
465,Lipari,14.954,38.4674,64,1026,IT,65.79,2.28,0,1634757774
466,Butte,-121.5677,39.6499,87,1021,US,60.85,8.05,90,1634757774
467,Bridgetown,-59.6167,13.1,70,1013,BB,86.49,17.27,75,1634757585
468,Kongolo,27.0,-5.3833,91,1012,CD,72.97,1.86,100,1634757775
469,Havre-St-Pierre,-63.5986,50.2334,87,1009,CA,50.59,9.22,90,1634757776
470,San Felipe,-68.7425,10.3399,63,1010,VE,87.22,5.21,99,1634757776
471,Rawson,-65.1023,-43.3002,19,1006,AR,83.03,32.12,2,1634757777
472,Shenzhen,114.0683,22.5455,89,1013,CN,80.22,2.75,80,1634757505
473,Port Antonio,-76.4612,18.18,75,1014,JM,85.91,4.76,98,1634757777
474,Erenhot,111.9767,43.6475,38,1027,CN,37.02,7.36,0,1634757724
475,Miyako,141.9525,39.6367,77,1011,JP,49.8,9.35,60,1634757778
476,Cayenne,-52.3333,4.9333,75,1010,GF,89.64,5.99,12,1634757779
477,Atbasar,68.3333,51.8,63,1006,KZ,49.53,13.58,100,1634757780
478,San-Pédro,-6.6363,4.7485,91,1013,CI,77.2,7.16,27,1634757780
479,Margate,1.3862,51.3813,80,989,GB,57.9,1.99,100,1634757781
480,Belaya Gora,146.4167,68.5333,97,1012,RU,-10.59,1.97,29,1634757652
481,Quatre Cocos,57.7625,-20.2078,79,1020,MU,75.31,12.06,54,1634757783
482,Zermatt,7.7491,46.0213,92,1020,CH,44.19,7.31,9,1634757784
483,Pacasmayo,-79.5714,-7.4006,74,1013,PE,69.67,14.2,83,1634757785
484,Kudat,116.8477,6.8837,94,1011,MY,76.93,9.22,20,1634757785
485,Abancay,-72.8814,-13.6339,46,1012,PE,74.44,7.94,99,1634757786
486,Semey,80.2275,50.4111,47,1015,KZ,48.0,10.89,95,1634757787
487,Kupang,123.5833,-10.1667,83,1010,ID,78.35,4.05,95,1634757787
488,Lhokseumawe,97.1507,5.1801,91,1012,ID,76.01,6.89,100,1634757776
489,Sangar,127.4739,63.9242,98,1012,RU,8.08,2.59,96,1634757788
490,Narsaq,-46.05,60.9167,38,1019,GL,34.02,3.13,0,1634757788
491,Ust'-Kishert',57.2495,57.3654,83,1011,RU,32.67,8.41,100,1634757789
492,Plettenberg Bay,23.3716,-34.0527,78,1013,ZA,63.66,4.12,15,1634757789
493,Hirado,129.5531,33.3597,58,1017,JP,59.36,10.31,100,1634757790
494,Dunedin,170.5036,-45.8742,73,1034,NZ,50.81,1.01,58,1634757790
495,Santa Rosa,121.1114,14.3122,83,1011,PH,81.1,4.7,98,1634757791
496,Lucea,-78.1736,18.451,76,1013,JM,85.86,11.7,100,1634757791
497,Eureka,-124.1637,40.8021,83,1014,US,63.93,4.0,100,1634757713
498,Sorong,131.25,-0.8833,83,1009,ID,79.75,7.27,100,1634757792
499,Diffa,12.6113,13.3154,19,1009,NE,91.56,7.54,8,1634757793
500,Malindi,40.1191,-3.2175,78,1015,KE,78.96,10.36,20,1634757794
501,Beian,9.5683,63.6559,87,971,NO,47.55,19.57,75,1634757794
502,Gloggnitz,15.9389,47.6749,79,1013,AT,58.24,4.52,100,1634757795
503,Taoudenni,-3.9836,22.6783,19,1015,ML,80.87,9.89,1,1634757795
504,Mogadishu,45.3438,2.0371,80,1015,SO,78.8,11.45,93,1634757796
505,Uarini,-65.1083,-2.99,56,1008,BR,78.75,1.52,100,1634757797
506,Verāval,70.3667,20.9,67,1014,IN,78.73,7.56,7,1634757797
507,Takhtamygda,123.5667,54.1,72,1021,RU,29.61,2.68,78,1634757798
508,Naze,129.4833,28.3667,68,1015,JP,66.72,7.78,100,1634757798
509,Sulangan,123.7228,11.1373,78,1010,PH,82.71,10.83,94,1634757799
510,Buraidah,43.975,26.326,24,1016,SA,81.05,11.18,0,1634757610
511,Marsá Maţrūḩ,27.2453,31.3525,64,1024,EG,71.8,16.11,75,1634757694
512,Ocampo,-101.5,21.65,38,1016,MX,74.28,10.38,0,1634757800
513,Pangkalanbuun,111.6167,-2.6833,97,1011,ID,73.9,0.87,85,1634757801
514,Ahmednagar,74.7333,19.0833,58,1014,IN,70.99,7.02,23,1634757802
515,Sistranda,8.834,63.7256,78,973,NO,46.9,26.35,100,1634757734
516,Lahad Datu,118.327,5.0268,94,1010,MY,75.36,4.56,100,1634757802
517,Kingaroy,151.8333,-26.5333,100,1014,AU,51.84,0.0,40,1634757803
518,Quzhou,118.8686,28.9594,97,1021,CN,53.02,3.56,100,1634757803
519,Grand-Lahou,-5.0242,5.1367,86,1012,CI,78.73,9.91,84,1634757804
520,Brusturoasa,26.2,46.5167,81,1023,RO,50.32,6.33,11,1634757805
521,São João da Barra,-41.0511,-21.6403,92,1017,BR,64.49,10.29,100,1634757806
522,Soe,124.284,-9.8607,74,1011,ID,67.78,3.02,26,1634757671
523,Broken Hill,141.4333,-31.95,23,1010,AU,68.2,16.2,64,1634757807
524,Poronaysk,143.1167,49.2167,79,1017,RU,25.43,8.01,63,1634757807
525,Nabire,135.4833,-3.3667,92,1010,ID,74.95,3.71,99,1634757808
526,Jardim,-56.1381,-21.4803,23,1009,BR,90.99,5.32,0,1634757809
527,Abhā,42.5053,18.2164,22,1029,SA,62.85,6.91,0,1634757652
528,Maniitsoq,-52.9,65.4167,70,1023,GL,33.53,9.33,9,1634757810
529,Sept-Îles,-66.3821,50.2001,79,1009,CA,51.06,3.0,75,1634757667
530,Mahon,4.2658,39.8885,72,1020,ES,64.96,4.61,20,1634757811
531,Lata,-8.3327,40.1629,96,1023,PT,64.81,2.57,3,1634757811
532,Aykhal,111.5,66.0,98,1006,RU,32.49,18.52,100,1634757812
533,Ozatlán,-88.5,13.3833,75,1012,SV,85.3,4.34,74,1634757813
534,La Asuncion,-63.8628,11.0333,34,1012,VE,98.33,16.11,28,1634757814
535,Roura,-52.3274,4.7263,58,1010,GF,89.51,11.5,40,1634757814
536,Ballarat,143.8496,-37.5662,67,1014,AU,56.5,10.36,100,1634757815
537,Moranbah,148.0466,-22.0016,86,1011,AU,68.09,5.93,71,1634757815
538,Waipawa,175.5153,-41.4122,74,1031,NZ,50.04,2.98,100,1634757789
539,Awallan,121.913,17.9244,95,1013,PH,73.96,2.68,13,1634757816
540,Saint-Nazaire,-2.2,47.2833,78,1002,FR,59.04,29.93,75,1634757817
541,Ichinohe,141.3017,40.2069,89,1012,JP,45.57,10.56,100,1634757818
542,Caconda,15.0667,-13.7333,89,1016,AO,61.54,4.0,100,1634757818
543,Caravelas,-39.2481,-17.7125,91,1012,BR,73.6,10.25,100,1634757819
